WBGene00000908,daf-12
WBGene00001062,dpr-1
WBGene00001400,fax-1
WBGene00013976,hizr-1
WBGene00003600,nhr-1
WBGene00003609,nhr-10
WBGene00003690,nhr-100
WBGene00003691,nhr-101
WBGene00003692,nhr-102
WBGene00003693,nhr-103
WBGene00003694,nhr-104
WBGene00003695,nhr-105
WBGene00003696,nhr-106
WBGene00003697,nhr-107
WBGene00003698,nhr-108
WBGene00003699,nhr-109
WBGene00003610,nhr-11
WBGene00003700,nhr-110
WBGene00003701,nhr-111
WBGene00003702,nhr-112
WBGene00003703,nhr-113
WBGene00003704,nhr-114
WBGene00003705,nhr-115
WBGene00003706,nhr-116
WBGene00003707,nhr-117
WBGene00003708,nhr-118
WBGene00003709,nhr-119
WBGene00003611,nhr-12
WBGene00003710,nhr-120
WBGene00003711,nhr-121
WBGene00003712,nhr-122
WBGene00003713,nhr-123
WBGene00003714,nhr-124
WBGene00003715,nhr-125
WBGene00003716,nhr-126
WBGene00003717,nhr-127
WBGene00003718,nhr-128
WBGene00003719,nhr-129
WBGene00003612,nhr-13
WBGene00003720,nhr-130
WBGene00003721,nhr-131
WBGene00003722,nhr-132
WBGene00003723,nhr-133
WBGene00003724,nhr-134
WBGene00003725,nhr-135
WBGene00003726,nhr-136
WBGene00003727,nhr-137
WBGene00003728,nhr-138
WBGene00016365,nhr-139
WBGene00003613,nhr-14
WBGene00016366,nhr-140
WBGene00017787,nhr-141
WBGene00018430,nhr-142
WBGene00019116,nhr-143
WBGene00012703,nhr-145
WBGene00045255,nhr-146
WBGene00015395,nhr-147
WBGene00015396,nhr-148
WBGene00015397,nhr-149
WBGene00003614,nhr-15
WBGene00007367,nhr-150
WBGene00015705,nhr-152
WBGene00007546,nhr-153
WBGene00007547,nhr-154
WBGene00015758,nhr-155
WBGene00015897,nhr-156
WBGene00015900,nhr-157
WBGene00015901,nhr-158
WBGene00015902,nhr-159
WBGene00003615,nhr-16
WBGene00016364,nhr-161
WBGene00016367,nhr-162
WBGene00016368,nhr-163
WBGene00008056,nhr-164
WBGene00008158,nhr-165
WBGene00016772,nhr-166
WBGene00008208,nhr-167
WBGene00008221,nhr-168
WBGene00008289,nhr-169
WBGene00003616,nhr-17
WBGene00008309,nhr-170
WBGene00016926,nhr-171
WBGene00016927,nhr-172
WBGene00016975,nhr-173
WBGene00008474,nhr-174
WBGene00008630,nhr-175
WBGene00008830,nhr-176
WBGene00017503,nhr-177
WBGene00017510,nhr-178
WBGene00017512,nhr-179
WBGene00003617,nhr-18
WBGene00017961,nhr-180
WBGene00018189,nhr-181
WBGene00018265,nhr-182
WBGene00018266,nhr-183
WBGene00018415,nhr-184
WBGene00018539,nhr-185
WBGene00018541,nhr-186
WBGene00018542,nhr-187
WBGene00018544,nhr-188
WBGene00018545,nhr-189
WBGene00003618,nhr-19
WBGene00018622,nhr-190
WBGene00010180,nhr-192
WBGene00010215,nhr-193
WBGene00019115,nhr-195
WBGene00010600,nhr-196
WBGene00010602,nhr-197
WBGene00010603,nhr-198
WBGene00010604,nhr-199
WBGene00003601,nhr-2
WBGene00003619,nhr-20
WBGene00019741,nhr-201
WBGene00019742,nhr-202
WBGene00019743,nhr-203
WBGene00019816,nhr-204
WBGene00011002,nhr-205
WBGene00011097,nhr-206
WBGene00011098,nhr-207
WBGene00011099,nhr-208
WBGene00011100,nhr-209
WBGene00003620,nhr-21
WBGene00020015,nhr-210
WBGene00020152,nhr-211
WBGene00020153,nhr-212
WBGene00011520,nhr-213
WBGene00011566,nhr-214
WBGene00020385,nhr-216
WBGene00011651,nhr-217
WBGene00011750,nhr-218
WBGene00020555,nhr-219
WBGene00003621,nhr-22
WBGene00020748,nhr-221
WBGene00020750,nhr-222
WBGene00012050,nhr-223
WBGene00020849,nhr-225
WBGene00020850,nhr-226
WBGene00020851,nhr-227
WBGene00020852,nhr-228
WBGene00013795,nhr-229
WBGene00003622,nhr-23
WBGene00012446,nhr-230
WBGene00012449,nhr-231
WBGene00012494,nhr-232
WBGene00006471,nhr-233
WBGene00012596,nhr-234
WBGene00021417,nhr-236
WBGene00021610,nhr-237
WBGene00021611,nhr-238
WBGene00021848,nhr-239
WBGene00013483,nhr-241
WBGene00022097,nhr-242
WBGene00013584,nhr-243
WBGene00014189,nhr-245
WBGene00014193,nhr-247
WBGene00013940,nhr-248
WBGene00003623,nhr-25
WBGene00022756,nhr-251
WBGene00022637,nhr-252
WBGene00022639,nhr-253
WBGene00022640,nhr-254
WBGene00014068,nhr-255
WBGene00022805,nhr-256
WBGene00015869,nhr-257
WBGene00016126,nhr-258
WBGene00011568,nhr-26
WBGene00016517,nhr-260
WBGene00016777,nhr-261
WBGene00008619,nhr-262
WBGene00008778,nhr-264
WBGene00009608,nhr-265
WBGene00010410,nhr-267
WBGene00010601,nhr-268
WBGene00011150,nhr-269
WBGene00008901,nhr-27
WBGene00020062,nhr-270
WBGene00011396,nhr-271
WBGene00011565,nhr-272
WBGene00020460,nhr-273
WBGene00021522,nhr-274
WBGene00021163,nhr-275
WBGene00013512,nhr-276
WBGene00022374,nhr-277
WBGene00003624,nhr-28
WBGene00008884,nhr-281
WBGene00010186,nhr-283
WBGene00012056,nhr-285
WBGene00044699,nhr-286
WBGene00016233,nhr-290
WBGene00045515,nhr-291
WBGene00003602,nhr-3
WBGene00016091,nhr-30
WBGene00003625,nhr-31
WBGene00003626,nhr-32
WBGene00003627,nhr-34
WBGene00003628,nhr-35
WBGene00017198,nhr-36
WBGene00018412,nhr-37
WBGene00003629,nhr-38
WBGene00018404,nhr-39
WBGene00003603,nhr-4
WBGene00003630,nhr-40
WBGene00022423,nhr-41
WBGene00003632,nhr-42
WBGene00003633,nhr-43
WBGene00003634,nhr-44
WBGene00003635,nhr-45
WBGene00003636,nhr-46
WBGene00003637,nhr-47
WBGene00003638,nhr-48
WBGene00003639,nhr-49
WBGene00003604,nhr-5
WBGene00003640,nhr-50
WBGene00003641,nhr-51
WBGene00003642,nhr-52
WBGene00003643,nhr-53
WBGene00003644,nhr-54
WBGene00003645,nhr-55
WBGene00003646,nhr-56
WBGene00003647,nhr-57
WBGene00003648,nhr-58
WBGene00003649,nhr-59
WBGene00003605,nhr-6
WBGene00003650,nhr-60
WBGene00003651,nhr-61
WBGene00003652,nhr-62
WBGene00003653,nhr-63
WBGene00003654,nhr-64
WBGene00003655,nhr-65
WBGene00003656,nhr-66
WBGene00003657,nhr-67
WBGene00003658,nhr-68
WBGene00003659,nhr-69
WBGene00003606,nhr-7
WBGene00003660,nhr-70
WBGene00003661,nhr-71
WBGene00003662,nhr-72
WBGene00003663,nhr-73
WBGene00003664,nhr-74
WBGene00015497,nhr-76
WBGene00003667,nhr-77
WBGene00003668,nhr-78
WBGene00003669,nhr-79
WBGene00003607,nhr-8
WBGene00003670,nhr-80
WBGene00003671,nhr-81
WBGene00003672,nhr-82
WBGene00003674,nhr-84
WBGene00003675,nhr-85
WBGene00003676,nhr-86
WBGene00003677,nhr-87
WBGene00003678,nhr-88
WBGene00003679,nhr-89
WBGene00003608,nhr-9
WBGene00003680,nhr-90
WBGene00003681,nhr-91
WBGene00003682,nhr-92
WBGene00003683,nhr-93
WBGene00003684,nhr-94
WBGene00003685,nhr-95
WBGene00003686,nhr-96
WBGene00003687,nhr-97
WBGene00003688,nhr-98
WBGene00003689,nhr-99
WBGene00003854,odr-7
WBGene00004786,sex-1
WBGene00006790,unc-55
